window_id,link_type,source_id,target_id,source_domain,target_domain,start_index,end_index_exclusive,start_time_utc,end_time_utc,duration_seconds,sample_count,mean_range_km,min_range_km,max_range_km,transmission_rate_mbps,generation_config_sha256,max_elevation_deg,mean_elevation_deg,azimuth_at_start_deg,azimuth_at_end_deg,boundary_source
SGL-000001,SGL,cs01,gs01,communication,ground,0,2881,2025-01-01T00:00:00.000000Z,2025-01-02T00:00:00.000000Z,86400.000000000,2881,38499.019531250,38488.097656250,38510.031250000,60.000000000,0959490dcfeedeafc8e9e01f868552fc1a757f1f2924fe4d8aaab468b9881130,31.325874329,31.206943512,228.652862549,228.641891479,skyfield_find_events
SGL-000002,SGL,cs01,gs02,communication,ground,0,2881,2025-01-01T00:00:00.000000Z,2025-01-02T00:00:00.000000Z,86400.000000000,2881,37889.039062500,37879.718750000,37898.460937500,60.000000000,0959490dcfeedeafc8e9e01f868552fc1a757f1f2924fe4d8aaab468b9881130,38.656185150,38.546276093,233.417984009,233.407028198,skyfield_find_events
SGL-000003,SGL,cs01,gs03,communication,ground,0,2881,2025-01-01T00:00:00.000000Z,2025-01-02T00:00:00.000000Z,86400.000000000,2881,37853.988281250,37842.683593750,37865.328125000,60.000000000,0959490dcfeedeafc8e9e01f868552fc1a757f1f2924fe4d8aaab468b9881130,39.079509735,38.941192627,190.920303345,190.905929565,skyfield_find_events
SGL-000004,SGL,cs01,gs04,communication,ground,0,2881,2025-01-01T00:00:00.000000Z,2025-01-02T00:00:00.000000Z,86400.000000000,2881,36866.621093750,36857.765625000,36875.527343750,60.000000000,0959490dcfeedeafc8e9e01f868552fc1a757f1f2924fe4d8aaab468b9881130,53.489894867,53.350692749,201.657348633,201.638717651,skyfield_find_events
SGL-000005,SGL,cs02,gs01,communication,ground,0,2881,2025-01-01T00:00:00.000000Z,2025-01-02T00:00:00.000000Z,86400.000000000,2881,37673.074218750,37662.339843750,37683.867187500,60.000000000,0959490dcfeedeafc8e9e01f868552fc1a757f1f2924fe4d8aaab468b9881130,41.453781128,41.317749023,204.070632935,204.057312012,skyfield_find_events
SGL-000006,SGL,cs02,gs02,communication,ground,0,2881,2025-01-01T00:00:00.000000Z,2025-01-02T00:00:00.000000Z,86400.000000000,2881,37002.453125000,36993.382812500,37011.570312500,60.000000000,0959490dcfeedeafc8e9e01f868552fc1a757f1f2924fe4d8aaab468b9881130,51.271591187,51.135612488,206.742660522,206.726898193,skyfield_find_events
SGL-000007,SGL,cs02,gs03,communication,ground,0,2881,2025-01-01T00:00:00.000000Z,2025-01-02T00:00:00.000000Z,86400.000000000,2881,37928.781250000,37917.882812500,37939.636718750,60.000000000,0959490dcfeedeafc8e9e01f868552fc1a757f1f2924fe4d8aaab468b9881130,38.126037598,37.995243073,162.385604858,162.372558594,skyfield_find_events
SGL-000008,SGL,cs02,gs04,communication,ground,0,2881,2025-01-01T00:00:00.000000Z,2025-01-02T00:00:00.000000Z,86400.000000000,2881,36824.355468750,36815.941406250,36832.707031250,60.000000000,0959490dcfeedeafc8e9e01f868552fc1a757f1f2924fe4d8aaab468b9881130,54.214637756,54.081722260,162.458892822,162.441055298,skyfield_find_events
SGL-000009,SGL,cs03,gs01,communication,ground,0,2881,2025-01-01T00:00:00.000000Z,2025-01-02T00:00:00.000000Z,86400.000000000,2881,37476.378906250,37465.980468750,37486.734375000,60.000000000,0959490dcfeedeafc8e9e01f868552fc1a757f1f2924fe4d8aaab468b9881130,44.131233215,43.993721008,173.590545654,173.575988770,skyfield_find_events
SGL-000010,SGL,cs03,gs02,communication,ground,0,2881,2025-01-01T00:00:00.000000Z,2025-01-02T00:00:00.000000Z,86400.000000000,2881,36836.949218750,36828.273437500,36845.554687500,60.000000000,0959490dcfeedeafc8e9e01f868552fc1a757f1f2924fe4d8aaab468b9881130,54.050064087,53.912452698,169.023605347,169.005584717,skyfield_find_events
SGL-000011,SGL,cs03,gs03,communication,ground,0,2881,2025-01-01T00:00:00.000000Z,2025-01-02T00:00:00.000000Z,86400.000000000,2881,38601.304687500,38590.878906250,38611.558593750,60.000000000,0959490dcfeedeafc8e9e01f868552fc1a757f1f2924fe4d8aaab468b9881130,30.146100998,30.035173416,137.518096924,137.507385254,skyfield_find_events
SGL-000012,SGL,cs03,gs04,communication,ground,0,2881,2025-01-01T00:00:00.000000Z,2025-01-02T00:00:00.000000Z,86400.000000000,2881,37532.496093750,37524.574218750,37540.183593750,60.000000000,0959490dcfeedeafc8e9e01f868552fc1a757f1f2924fe4d8aaab468b9881130,43.312637329,43.215976715,131.932571411,131.920852661,skyfield_find_events
SGL-000013,SGL,cs04,gs01,communication,ground,0,2881,2025-01-01T00:00:00.000000Z,2025-01-02T00:00:00.000000Z,86400.000000000,2881,37942.238281250,37932.285156250,37952.203125000,60.000000000,0959490dcfeedeafc8e9e01f868552fc1a757f1f2924fe4d8aaab468b9881130,37.964183807,37.846981049,144.991149902,144.978118896,skyfield_find_events
SGL-000014,SGL,cs04,gs02,communication,ground,0,2881,2025-01-01T00:00:00.000000Z,2025-01-02T00:00:00.000000Z,86400.000000000,2881,37421.816406250,37413.609375000,37430.175781250,60.000000000,0959490dcfeedeafc8e9e01f868552fc1a757f1f2924fe4d8aaab468b9881130,44.899810791,44.795543671,136.706420898,136.692764282,skyfield_find_events
SGL-000015,SGL,cs04,gs03,communication,ground,0,2881,2025-01-01T00:00:00.000000Z,2025-01-02T00:00:00.000000Z,86400.000000000,2881,39763.320312500,39753.359375000,39773.421875000,60.000000000,0959490dcfeedeafc8e9e01f868552fc1a757f1f2924fe4d8aaab468b9881130,17.952211380,17.859674454,118.117797852,118.108512878,skyfield_find_events
SGL-000016,SGL,cs04,gs04,communication,ground,0,2881,2025-01-01T00:00:00.000000Z,2025-01-02T00:00:00.000000Z,86400.000000000,2881,38868.531250000,38861.062500000,38876.300781250,60.000000000,0959490dcfeedeafc8e9e01f868552fc1a757f1f2924fe4d8aaab468b9881130,27.175127029,27.105016708,113.432746887,113.424285889,skyfield_find_events
SGL-000017,SGL,cs05,gs01,communication,ground,0,2881,2025-01-01T00:00:00.000000Z,2025-01-02T00:00:00.000000Z,86400.000000000,2881,38992.660156250,38983.183593750,39002.292968750,60.000000000,0959490dcfeedeafc8e9e01f868552fc1a757f1f2924fe4d8aaab468b9881130,25.864519119,25.770517349,123.410057068,123.399147034,skyfield_find_events
SGL-000018,SGL,cs05,gs02,communication,ground,0,2881,2025-01-01T00:00:00.000000Z,2025-01-02T00:00:00.000000Z,86400.000000000,2881,38655.394531250,38647.640625000,38663.343750000,60.000000000,0959490dcfeedeafc8e9e01f868552fc1a757f1f2924fe4d8aaab468b9881130,29.543348312,29.467491150,116.514396667,116.504371643,skyfield_find_events
SGL-000019,SGL,ns01,gs01,navigation,ground,1502,2419,2025-01-01T12:30:33.715757Z,2025-01-01T20:09:06.713135Z,27512.997378111,917,23194.847656250,21755.980468750,26065.634765625,60.000000000,0959490dcfeedeafc8e9e01f868552fc1a757f1f2924fe4d8aaab468b9881130,72.034812927,45.844291687,236.565597534,144.707214355,skyfield_find_events
SGL-000020,SGL,ns01,gs02,navigation,ground,1459,2458,2025-01-01T12:09:25.475040Z,2025-01-01T20:28:31.603981Z,29946.128941059,999,23359.568359375,22134.398437500,26068.171875000,60.000000000,0959490dcfeedeafc8e9e01f868552fc1a757f1f2924fe4d8aaab468b9881130,61.243877411,42.075679779,232.987762451,144.071136475,skyfield_find_events
SGL-000021,SGL,ns01,gs03,navigation,ground,1441,2298,2025-01-01T12:00:17.645905Z,2025-01-01T19:08:59.087079Z,25721.441174030,857,23155.626953125,21537.488281250,26064.113281250,60.000000000,0959490dcfeedeafc8e9e01f868552fc1a757f1f2924fe4d8aaab468b9881130,82.332229614,47.682067871,204.170257568,108.285881042,skyfield_find_events
SGL-000022,SGL,ns01,gs04,navigation,ground,1377,2356,2025-01-01T11:28:18.469431Z,2025-01-01T19:37:57.533212Z,29379.063781023,979,23370.949218750,21860.759765625,26064.572265625,60.000000000,0959490dcfeedeafc8e9e01f868552fc1a757f1f2924fe4d8aaab468b9881130,67.481170654,42.437484741,207.387878418,113.829360962,skyfield_find_events
SGL-000023,SGL,ns02,gs01,navigation,ground,1097,1939,2025-01-01T09:08:16.054898Z,2025-01-01T16:09:03.272089Z,25247.217190981,842,23210.138671875,21495.062500000,26081.001953125,60.000000000,0959490dcfeedeafc8e9e01f868552fc1a757f1f2924fe4d8aaab468b9881130,86.761138916,47.232845306,193.944702148,91.734146118,skyfield_find_events
SGL-000024,SGL,ns02,gs02,navigation,ground,1046,1925,2025-01-01T08:42:59.791909Z,2025-01-01T16:02:23.127730Z,26363.335820913,879,23308.285156250,21514.535156250,26074.175781250,60.000000000,0959490dcfeedeafc8e9e01f868552fc1a757f1f2924fe4d8aaab468b9881130,83.296020508,45.365959167,193.855453491,84.719573975,skyfield_find_events
SGL-000025,SGL,ns02,gs03,navigation,ground,54,414,2025-01-01T00:26:50.127109Z,2025-01-01T03:26:56.827414Z,10806.700304985,360,25157.839843750,24671.923828125,26069.296875000,60.000000000,0959490dcfeedeafc8e9e01f868552fc1a757f1f2924fe4d8aaab468b9881130,24.229917526,19.163961411,325.092529297,260.851226807,skyfield_find_events
SGL-000026,SGL,ns02,gs03,navigation,ground,1120,1801,2025-01-01T09:19:58.987355Z,2025-01-01T15:00:10.238261Z,20411.250905991,681,23464.695312500,21917.916015625,26076.400390625,60.000000000,0959490dcfeedeafc8e9e01f868552fc1a757f1f2924fe4d8aaab468b9881130,65.927444458,41.047264099,165.018463135,59.186729431,skyfield_find_events
SGL-000027,SGL,ns02,gs04,navigation,ground,170,394,2025-01-01T01:24:59.165718Z,2025-01-01T03:16:56.260887Z,6717.095168829,224,25753.431640625,25587.140625000,26074.226562500,60.000000000,0959490dcfeedeafc8e9e01f868552fc1a757f1f2924fe4d8aaab468b9881130,14.757113457,13.128293037,315.189331055,272.631286621,skyfield_find_events
SGL-000028,SGL,ns02,gs04,navigation,ground,1033,1762,2025-01-01T08:36:18.393885Z,2025-01-01T14:40:32.502786Z,21854.108901024,729,23397.626953125,21729.347656250,26073.972656250,60.000000000,0959490dcfeedeafc8e9e01f868552fc1a757f1f2924fe4d8aaab468b9881130,71.551284790,42.577083588,174.213073730,51.663650513,skyfield_find_events
SGL-000029,SGL,ns03,gs01,navigation,ground,0,173,2025-01-01T00:00:00.000000Z,2025-01-01T01:26:30.099483Z,5190.099483013,173,25015.595703125,24242.904296875,26063.400390625,60.000000000,0959490dcfeedeafc8e9e01f868552fc1a757f1f2924fe4d8aaab468b9881130,29.071504593,20.752017975,276.487548828,244.168670654,skyfield_find_events
SGL-000030,SGL,ns03,gs01,navigation,ground,804,1436,2025-01-01T06:41:46.416313Z,2025-01-01T11:57:57.973961Z,18971.557648182,632,23702.244140625,22315.128906250,26062.003906250,60.000000000,0959490dcfeedeafc8e9e01f868552fc1a757f1f2924fe4d8aaab468b9881130,56.592098236,36.890140533,154.955535889,48.635707855,skyfield_find_events
SGL-000031,SGL,ns03,gs02,navigation,ground,0,218,2025-01-01T00:00:00.000000Z,2025-01-01T01:48:35.489035Z,6515.489034891,218,24969.091796875,24274.570312500,26074.148437500,60.000000000,0959490dcfeedeafc8e9e01f868552fc1a757f1f2924fe4d8aaab468b9881130,28.699018478,21.243429184,283.417968750,239.319015503,skyfield_find_events
SGL-000032,SGL,ns03,gs02,navigation,ground,752,1391,2025-01-01T06:15:38.335218Z,2025-01-01T11:35:17.616544Z,19179.281326056,639,23775.298828125,22405.199218750,26061.482421875,60.000000000,0959490dcfeedeafc8e9e01f868552fc1a757f1f2924fe4d8aaab468b9881130,54.731151581,35.752410889,157.904937744,43.051837921,skyfield_find_events
SGL-000033,SGL,ns03,gs03,navigation,ground,0,254,2025-01-01T00:00:00.000000Z,2025-01-01T02:06:30.187813Z,7590.187813044,254,24027.861328125,22534.580078125,26068.402343750,60.000000000,0959490dcfeedeafc8e9e01f868552fc1a757f1f2924fe4d8aaab468b9881130,53.146385193,32.789440155,249.119461060,207.413726807,skyfield_find_events
SGL-000034,SGL,ns03,gs03,navigation,ground,918,1368,2025-01-01T07:38:55.995779Z,2025-01-01T11:23:38.060853Z,13482.065073967,450,24669.052734375,23910.414062500,26068.974609375,60.000000000,0959490dcfeedeafc8e9e01f868552fc1a757f1f2924fe4d8aaab468b9881130,32.568950653,24.165328979,116.745094299,37.378356934,skyfield_find_events
SGL-000035,SGL,ns03,gs03,navigation,ground,2800,2881,2025-01-01T23:19:42.119707Z,2025-01-02T00:00:00.000000Z,2417.880292892,81,25421.511718750,24850.492187500,26050.419921875,60.000000000,0959490dcfeedeafc8e9e01f868552fc1a757f1f2924fe4d8aaab468b9881130,22.195970535,16.326965332,322.452484131,315.425415039,skyfield_find_events
SGL-000036,SGL,ns03,gs04,navigation,ground,0,330,2025-01-01T00:00:00.000000Z,2025-01-01T02:44:30.232054Z,9870.232053995,330,23904.951171875,22606.001953125,26064.330078125,60.000000000,0959490dcfeedeafc8e9e01f868552fc1a757f1f2924fe4d8aaab468b9881130,51.823738098,34.391826630,276.951568604,204.686447144,skyfield_find_events
SGL-000037,SGL,ns03,gs04,navigation,ground,843,1306,2025-01-01T07:01:04.497861Z,2025-01-01T10:52:32.830657Z,13888.332796097,463,24750.277343750,24028.443359375,26059.091796875,60.000000000,0959490dcfeedeafc8e9e01f868552fc1a757f1f2924fe4d8aaab468b9881130,31.019662857,23.140586853,125.799652100,38.572387695,skyfield_find_events
SGL-000038,SGL,ns04,gs01,navigation,ground,657,1003,2025-01-01T05:28:09.297041Z,2025-01-01T08:21:14.197220Z,10384.900179148,346,25214.722656250,24775.031250000,26059.833984375,60.000000000,0959490dcfeedeafc8e9e01f868552fc1a757f1f2924fe4d8aaab468b9881130,22.733400345,18.220674515,99.658493042,36.561244965,skyfield_find_events
SGL-000039,SGL,ns04,gs01,navigation,ground,2481,2881,2025-01-01T20:40:11.389483Z,2025-01-02T00:00:00.000000Z,11988.610517025,400,24072.164062500,23335.617187500,26047.234375000,60.000000000,0959490dcfeedeafc8e9e01f868552fc1a757f1f2924fe4d8aaab468b9881130,40.496353149,31.515014648,319.563842773,246.280761719,skyfield_find_events
SGL-000040,SGL,ns04,gs02,navigation,ground,0,42,2025-01-01T00:00:00.000000Z,2025-01-01T00:20:40.993726Z,1240.993726015,42,25711.398437500,25361.513671875,26056.884765625,60.000000000,0959490dcfeedeafc8e9e01f868552fc1a757f1f2924fe4d8aaab468b9881130,16.896528244,13.424207687,192.767807007,188.922485352,skyfield_find_events
SGL-000041,SGL,ns04,gs02,navigation,ground,658,935,2025-01-01T05:28:37.581055Z,2025-01-01T07:47:03.738175Z,8306.157119989,277,25543.169921875,25284.076171875,26053.503906250,60.000000000,0959490dcfeedeafc8e9e01f868552fc1a757f1f2924fe4d8aaab468b9881130,17.385360718,14.820580482,94.685592651,42.093425751,skyfield_find_events
SGL-000042,SGL,ns04,gs02,navigation,ground,2519,2881,2025-01-01T20:59:16.177319Z,2025-01-02T00:00:00.000000Z,10843.822680950,362,24102.126953125,23374.925781250,26051.699218750,60.000000000,0959490dcfeedeafc8e9e01f868552fc1a757f1f2924fe4d8aaab468b9881130,39.964889526,31.196310043,320.860656738,252.832672119,skyfield_find_events
SGL-000043,SGL,ns04,gs03,navigation,ground,2367,2881,2025-01-01T19:43:04.369085Z,2025-01-02T00:00:00.000000Z,15415.630914927,514,23132.935546875,21938.847656250,26029.376953125,60.000000000,0959490dcfeedeafc8e9e01f868552fc1a757f1f2924fe4d8aaab468b9881130,66.365776062,46.150703430,300.445556641,208.460144043,skyfield_find_events
SGL-000044,SGL,ns04,gs04,navigation,ground,0,44,2025-01-01T00:00:00.000000Z,2025-01-01T00:21:46.619843Z,1306.619843006,44,25641.406250000,25231.035156250,26051.304687500,60.000000000,0959490dcfeedeafc8e9e01f868552fc1a757f1f2924fe4d8aaab468b9881130,18.203496933,14.103496552,169.186523438,168.338088989,skyfield_find_events
SGL-000045,SGL,ns04,gs04,navigation,ground,2438,2881,2025-01-01T20:18:39.172754Z,2025-01-02T00:00:00.000000Z,13280.827245951,443,23257.857421875,22013.255859375,26036.785156250,60.000000000,0959490dcfeedeafc8e9e01f868552fc1a757f1f2924fe4d8aaab468b9881130,64.335342407,44.389301300,313.015625000,228.438156128,skyfield_find_events
SGL-000046,SGL,ns05,gs01,navigation,ground,2023,2772,2025-01-01T16:51:18.121828Z,2025-01-01T23:05:44.542436Z,22466.420607805,749,23316.871093750,21645.220703125,26055.355468750,60.000000000,0959490dcfeedeafc8e9e01f868552fc1a757f1f2924fe4d8aaab468b9881130,77.184715271,44.867328644,292.736022949,182.889938354,skyfield_find_events
SGL-000047,SGL,ns05,gs02,navigation,ground,2045,2825,2025-01-01T17:02:07.014064Z,2025-01-01T23:32:21.418143Z,23414.404078960,780,23320.416015625,21581.347656250,26049.638671875,60.000000000,0959490dcfeedeafc8e9e01f868552fc1a757f1f2924fe4d8aaab468b9881130,81.240585327,45.324031830,298.550872803,178.457672119,skyfield_find_events
SGL-000048,SGL,ns05,gs03,navigation,ground,1870,2729,2025-01-01T15:34:39.218590Z,2025-01-01T22:44:12.220779Z,25773.002188921,859,23161.238281250,21564.275390625,26059.853515625,60.000000000,0959490dcfeedeafc8e9e01f868552fc1a757f1f2924fe4d8aaab468b9881130,82.030845642,47.683685303,251.144546509,155.491485596,skyfield_find_events
SGL-000049,SGL,ns05,gs04,navigation,ground,1862,2807,2025-01-01T15:30:33.755145Z,2025-01-01T23:23:21.262433Z,28367.507287979,945,23363.193359375,21717.539062500,26049.859375000,60.000000000,0959490dcfeedeafc8e9e01f868552fc1a757f1f2924fe4d8aaab468b9881130,73.720046997,43.475009918,258.178924561,158.572097778,skyfield_find_events
SGL-000050,SGL,os01,gs01,observation,ground,1004,1022,2025-01-01T08:21:58.236370Z,2025-01-01T08:30:35.099509Z,516.863138914,18,1543.304565430,1120.820312500,2147.330810547,60.000000000,0959490dcfeedeafc8e9e01f868552fc1a757f1f2924fe4d8aaab468b9881130,35.242767334,22.951879501,135.020538330,5.354344368,skyfield_find_events
SGL-000051,SGL,os01,gs01,observation,ground,1201,1216,2025-01-01T10:00:25.439171Z,2025-01-01T10:07:50.155367Z,444.716195822,15,1738.769287109,1492.487792969,2134.118164062,60.000000000,0959490dcfeedeafc8e9e01f868552fc1a757f1f2924fe4d8aaab468b9881130,22.413244247,17.341938019,214.729263306,314.572357178,skyfield_find_events
SGL-000052,SGL,os01,gs01,observation,ground,2640,2659,2025-01-01T21:59:44.812032Z,2025-01-01T22:09:21.644550Z,576.832518101,19,1309.474731445,723.724365234,2092.079589844,60.000000000,0959490dcfeedeafc8e9e01f868552fc1a757f1f2924fe4d8aaab468b9881130,81.299591064,36.373050690,10.677084923,197.855468750,skyfield_find_events
SGL-000053,SGL,os01,gs02,observation,ground,1002,1016,2025-01-01T08:20:32.539470Z,2025-01-01T08:27:37.340223Z,424.800753117,14,1756.100341797,1536.148193359,2133.087890625,60.000000000,0959490dcfeedeafc8e9e01f868552fc1a757f1f2924fe4d8aaab468b9881130,21.279869080,16.887027740,114.397361755,22.155775070,skyfield_find_events
SGL-000054,SGL,os01,gs02,observation,ground,1196,1212,2025-01-01T09:57:32.826629Z,2025-01-01T10:05:45.195755Z,492.369126081,16,1584.478149414,1269.240112305,2082.670898438,60.000000000,0959490dcfeedeafc8e9e01f868552fc1a757f1f2924fe4d8aaab468b9881130,28.974058151,20.977914810,205.437545776,321.118408203,skyfield_find_events
SGL-000055,SGL,os01,gs02,observation,ground,2645,2664,2025-01-01T22:02:14.737793Z,2025-01-01T22:11:48.162042Z,573.424248934,19,1324.916381836,747.316955566,2088.750000000,60.000000000,0959490dcfeedeafc8e9e01f868552fc1a757f1f2924fe4d8aaab468b9881130,72.187088013,34.694732666,7.126625538,200.636077881,skyfield_find_events
SGL-000056,SGL,os01,gs03,observation,ground,65,83,2025-01-01T00:32:15.324540Z,2025-01-01T00:41:06.685528Z,531.360988140,18,1511.456665039,1078.107910156,2143.885009766,60.000000000,0959490dcfeedeafc8e9e01f868552fc1a757f1f2924fe4d8aaab468b9881130,38.103664398,24.462299347,356.881011963,224.284423828,skyfield_find_events
SGL-000057,SGL,os01,gs03,observation,ground,1205,1222,2025-01-01T10:02:21.209575Z,2025-01-01T10:10:42.646726Z,501.437150955,17,1575.635620117,1205.788085938,2107.416503906,60.000000000,0959490dcfeedeafc8e9e01f868552fc1a757f1f2924fe4d8aaab468b9881130,31.600517273,21.695312500,128.202468872,7.035461903,skyfield_find_events
SGL-000058,SGL,os01,gs03,observation,ground,1401,1417,2025-01-01T11:40:09.732079Z,2025-01-01T11:48:26.604540Z,496.872461081,16,1578.873168945,1267.769775391,2042.548461914,60.000000000,0959490dcfeedeafc8e9e01f868552fc1a757f1f2924fe4d8aaab468b9881130,29.210252762,21.229881287,206.053833008,322.315673828,skyfield_find_events
SGL-000059,SGL,os01,gs03,observation,ground,2836,2855,2025-01-01T23:37:45.873193Z,2025-01-01T23:47:18.495716Z,572.622523069,19,1343.903930664,782.338562012,2100.884033203,60.000000000,0959490dcfeedeafc8e9e01f868552fc1a757f1f2924fe4d8aaab468b9881130,64.849288940,33.082798004,19.593088150,183.191055298,skyfield_find_events
SGL-000060,SGL,os01,gs04,observation,ground,75,86,2025-01-01T00:37:18.459890Z,2025-01-01T00:42:39.821656Z,321.361766100,11,1972.486206055,1855.334350586,2143.778808594,60.000000000,0959490dcfeedeafc8e9e01f868552fc1a757f1f2924fe4d8aaab468b9881130,15.051869392,13.149796486,324.221313477,259.149658203,skyfield_find_events
SGL-000061,SGL,os01,gs04,observation,ground,1198,1213,2025-01-01T09:58:57.310138Z,2025-01-01T10:06:23.938494Z,446.628355980,15,1702.172485352,1441.879272461,2134.267333984,60.000000000,0959490dcfeedeafc8e9e01f868552fc1a757f1f2924fe4d8aaab468b9881130,23.509361267,17.950222015,122.692886353,21.577339172,skyfield_find_events
SGL-000062,SGL,os01,gs04,observation,ground,1393,1409,2025-01-01T11:36:25.231144Z,2025-01-01T11:44:10.830510Z,465.599365950,16,1677.030517578,1384.725341797,2120.409423828,60.000000000,0959490dcfeedeafc8e9e01f868552fc1a757f1f2924fe4d8aaab468b9881130,25.081102371,18.570438385,208.027801514,317.303466797,skyfield_find_events
SGL-000063,SGL,os01,gs04,observation,ground,2843,2862,2025-01-01T23:41:24.230407Z,2025-01-01T23:50:48.309424Z,564.079016924,19,1366.521118164,811.697753906,2144.746337891,60.000000000,0959490dcfeedeafc8e9e01f868552fc1a757f1f2924fe4d8aaab468b9881130,59.532657623,31.435129166,3.328160286,206.393386841,skyfield_find_events
SGL-000064,SGL,os02,gs01,observation,ground,1000,1017,2025-01-01T08:19:51.788615Z,2025-01-01T08:28:22.450057Z,510.661442041,17,1533.758056641,1152.857666016,2108.768310547,60.000000000,0959490dcfeedeafc8e9e01f868552fc1a757f1f2924fe4d8aaab468b9881130,33.763031006,22.862989426,132.637924194,8.087180138,skyfield_find_events
SGL-000065,SGL,os02,gs01,observation,ground,1197,1212,2025-01-01T09:58:08.643413Z,2025-01-01T10:05:44.297751Z,455.654337883,15,1701.567993164,1449.139648438,2101.100341797,60.000000000,0959490dcfeedeafc8e9e01f868552fc1a757f1f2924fe4d8aaab468b9881130,23.562011719,18.134294510,214.909225464,316.923034668,skyfield_find_events
SGL-000066,SGL,os02,gs01,observation,ground,2636,2655,2025-01-01T21:57:34.169973Z,2025-01-01T22:07:11.722906Z,577.552933216,19,1306.361694336,719.471923828,2105.809814453,60.000000000,0959490dcfeedeafc8e9e01f868552fc1a757f1f2924fe4d8aaab468b9881130,84.184501648,36.809635162,11.670623779,196.071228027,skyfield_find_events
SGL-000067,SGL,os02,gs02,observation,ground,997,1011,2025-01-01T08:18:29.916558Z,2025-01-01T08:25:21.484070Z,411.567512035,14,1796.498901367,1582.685913086,2156.913330078,60.000000000,0959490dcfeedeafc8e9e01f868552fc1a757f1f2924fe4d8aaab468b9881130,20.192995071,16.085361481,116.159934998,25.975748062,skyfield_find_events
SGL-000068,SGL,os02,gs02,observation,ground,1191,1208,2025-01-01T09:55:17.679706Z,2025-01-01T10:03:38.742367Z,501.062660933,17,1582.459838867,1223.068115234,2118.696777344,60.000000000,0959490dcfeedeafc8e9e01f868552fc1a757f1f2924fe4d8aaab468b9881130,30.678632736,21.271957397,201.533462524,323.411285400,skyfield_find_events
SGL-000069,SGL,os02,gs02,observation,ground,2641,2660,2025-01-01T22:00:03.912552Z,2025-01-01T22:09:38.814363Z,574.901810884,19,1316.787109375,735.644836426,2124.181396484,60.000000000,0959490dcfeedeafc8e9e01f868552fc1a757f1f2924fe4d8aaab468b9881130,75.671791077,35.516452789,8.216233253,198.652450562,skyfield_find_events
SGL-000070,SGL,os02,gs03,observation,ground,61,78,2025-01-01T00:30:03.228898Z,2025-01-01T00:38:59.554735Z,536.325836897,17,1448.295898438,1042.876464844,2027.346923828,60.000000000,0959490dcfeedeafc8e9e01f868552fc1a757f1f2924fe4d8aaab468b9881130,40.049484253,26.157690048,356.830749512,224.480545044,skyfield_find_events
SGL-000071,SGL,os02,gs03,observation,ground,1201,1217,2025-01-01T10:00:15.023536Z,2025-01-01T10:08:29.924855Z,494.901319027,16,1568.453735352,1242.586669922,2072.996582031,60.000000000,0959490dcfeedeafc8e9e01f868552fc1a757f1f2924fe4d8aaab468b9881130,30.198299408,21.623491287,125.762870789,9.976479530,skyfield_find_events
SGL-000072,SGL,os02,gs03,observation,ground,1396,1413,2025-01-01T11:37:54.914987Z,2025-01-01T11:46:18.934904Z,504.019917011,17,1583.333007812,1226.268676758,2127.269042969,60.000000000,0959490dcfeedeafc8e9e01f868552fc1a757f1f2924fe4d8aaab468b9881130,30.718856812,21.362051010,202.415313721,324.433776855,skyfield_find_events
SGL-000073,SGL,os02,gs03,observation,ground,2832,2851,2025-01-01T23:35:36.295582Z,2025-01-01T23:45:06.929702Z,570.634119987,19,1356.743408203,803.296325684,2137.867675781,60.000000000,0959490dcfeedeafc8e9e01f868552fc1a757f1f2924fe4d8aaab468b9881130,61.425453186,32.215995789,20.952688217,181.962966919,skyfield_find_events
SGL-000074,SGL,os02,gs04,observation,ground,70,82,2025-01-01T00:34:59.220815Z,2025-01-01T00:40:41.068689Z,341.847874165,12,1949.657226562,1808.932373047,2179.383300781,60.000000000,0959490dcfeedeafc8e9e01f868552fc1a757f1f2924fe4d8aaab468b9881130,15.883294106,13.550217628,328.274688721,256.495208740,skyfield_find_events
SGL-000075,SGL,os02,gs04,observation,ground,1194,1209,2025-01-01T09:56:53.814650Z,2025-01-01T10:04:08.749768Z,434.935117960,15,1740.878906250,1486.536010742,2117.314941406,60.000000000,0959490dcfeedeafc8e9e01f868552fc1a757f1f2924fe4d8aaab468b9881130,22.342796326,17.133567810,120.030258179,21.123802185,skyfield_find_events
SGL-000076,SGL,os02,gs04,observation,ground,1389,1405,2025-01-01T11:34:09.084991Z,2025-01-01T11:42:05.085788Z,476.000797033,16,1638.726562500,1334.411621094,2132.535644531,60.000000000,0959490dcfeedeafc8e9e01f868552fc1a757f1f2924fe4d8aaab468b9881130,26.596487045,19.473081589,207.887283325,319.678527832,skyfield_find_events
SGL-000077,SGL,os02,gs04,observation,ground,2839,2858,2025-01-01T23:39:12.883302Z,2025-01-01T23:48:39.700345Z,566.817043066,19,1350.065307617,786.033447266,2111.589111328,60.000000000,0959490dcfeedeafc8e9e01f868552fc1a757f1f2924fe4d8aaab468b9881130,63.385810852,32.480487823,4.194472313,204.229721069,skyfield_find_events
SGL-000078,SGL,os03,gs01,observation,ground,996,1013,2025-01-01T08:17:45.543031Z,2025-01-01T08:26:09.665382Z,504.122350931,17,1562.647705078,1189.619018555,2120.167480469,60.000000000,0959490dcfeedeafc8e9e01f868552fc1a757f1f2924fe4d8aaab468b9881130,32.215843201,22.030399323,130.174301147,7.942440987,skyfield_find_events
SGL-000079,SGL,os03,gs01,observation,ground,1192,1208,2025-01-01T09:55:52.233451Z,2025-01-01T10:03:38.256431Z,466.022980213,16,1695.941894531,1408.837402344,2131.896484375,60.000000000,0959490dcfeedeafc8e9e01f868552fc1a757f1f2924fe4d8aaab468b9881130,24.665555954,18.386726379,210.896804810,319.185455322,skyfield_find_events
SGL-000080,SGL,os03,gs01,observation,ground,2631,2651,2025-01-01T21:55:23.895242Z,2025-01-01T22:05:01.600537Z,577.705295086,20,1349.935180664,722.713989258,2173.451416016,60.000000000,0959490dcfeedeafc8e9e01f868552fc1a757f1f2924fe4d8aaab468b9881130,81.933982849,35.585720062,12.694881439,194.392776489,skyfield_find_events
SGL-000081,SGL,os03,gs02,observation,ground,993,1007,2025-01-01T08:16:27.882499Z,2025-01-01T08:23:05.201084Z,397.318584919,14,1836.768920898,1632.110107422,2147.458007812,60.000000000,0959490dcfeedeafc8e9e01f868552fc1a757f1f2924fe4d8aaab468b9881130,19.099855423,15.328340530,113.511016846,25.280069351,skyfield_find_events
SGL-000082,SGL,os03,gs02,observation,ground,1187,1204,2025-01-01T09:53:02.870258Z,2025-01-01T10:01:31.885159Z,509.014900923,17,1549.798828125,1182.717651367,2158.174072266,60.000000000,0959490dcfeedeafc8e9e01f868552fc1a757f1f2924fe4d8aaab468b9881130,32.290679932,22.216236115,201.096542358,325.597259521,skyfield_find_events
SGL-000083,SGL,os03,gs02,observation,ground,2636,2655,2025-01-01T21:57:53.306019Z,2025-01-01T22:07:29.237194Z,575.931174994,19,1311.195556641,728.270019531,2145.117675781,60.000000000,0959490dcfeedeafc8e9e01f868552fc1a757f1f2924fe4d8aaab468b9881130,78.533378601,36.205169678,9.718725204,197.098312378,skyfield_find_events
SGL-000084,SGL,os03,gs03,observation,ground,56,74,2025-01-01T00:27:51.234079Z,2025-01-01T00:36:52.133419Z,540.899340153,18,1465.019287109,1012.988220215,2138.179687500,60.000000000,0959490dcfeedeafc8e9e01f868552fc1a757f1f2924fe4d8aaab468b9881130,41.842327118,26.120742798,359.184356689,222.102767944,skyfield_find_events
SGL-000085,SGL,os03,gs03,observation,ground,1197,1213,2025-01-01T09:58:09.128182Z,2025-01-01T10:06:17.071180Z,487.942998171,16,1597.051757812,1278.895263672,2081.821777344,60.000000000,0959490dcfeedeafc8e9e01f868552fc1a757f1f2924fe4d8aaab468b9881130,28.870153427,20.875926971,123.250556946,9.539890289,skyfield_find_events
SGL-000086,SGL,os03,gs03,observation,ground,1392,1409,2025-01-01T11:35:40.361623Z,2025-01-01T11:44:11.043906Z,510.682282925,17,1554.109497070,1189.171997070,2113.392333984,60.000000000,0959490dcfeedeafc8e9e01f868552fc1a757f1f2924fe4d8aaab468b9881130,32.199531555,22.181447983,202.111938477,326.433563232,skyfield_find_events
SGL-000087,SGL,os03,gs03,observation,ground,2827,2846,2025-01-01T23:33:26.679829Z,2025-01-01T23:42:55.174633Z,568.494804144,19,1371.417114258,827.425537109,2171.518554688,60.000000000,0959490dcfeedeafc8e9e01f868552fc1a757f1f2924fe4d8aaab468b9881130,58.111019135,31.330459595,20.988737106,179.450271606,skyfield_find_events
SGL-000088,SGL,os03,gs04,observation,ground,66,78,2025-01-01T00:32:40.812553Z,2025-01-01T00:38:41.455658Z,360.643105030,12,1905.394165039,1761.924804688,2132.370849609,60.000000000,0959490dcfeedeafc8e9e01f868552fc1a757f1f2924fe4d8aaab468b9881130,16.767635345,14.292877197,327.316864014,253.821350098,skyfield_find_events
SGL-000089,SGL,os03,gs04,observation,ground,1190,1204,2025-01-01T09:54:50.826019Z,2025-01-01T10:01:53.180357Z,422.354337931,14,1752.564575195,1534.523559570,2103.812255859,60.000000000,0959490dcfeedeafc8e9e01f868552fc1a757f1f2924fe4d8aaab468b9881130,21.160232544,16.801033020,117.331916809,24.932409286,skyfield_find_events
SGL-000090,SGL,os03,gs04,observation,ground,1384,1400,2025-01-01T11:31:53.348853Z,2025-01-01T11:39:59.157403Z,485.808549881,16,1600.535156250,1287.541748047,2108.426757812,60.000000000,0959490dcfeedeafc8e9e01f868552fc1a757f1f2924fe4d8aaab468b9881130,28.139104843,20.403205872,203.940582275,318.351684570,skyfield_find_events
SGL-000091,SGL,os03,gs04,observation,ground,2835,2854,2025-01-01T23:37:01.756192Z,2025-01-01T23:46:30.860006Z,569.103814125,19,1338.085327148,770.087951660,2170.031494141,60.000000000,0959490dcfeedeafc8e9e01f868552fc1a757f1f2924fe4d8aaab468b9881130,66.201644897,33.457679749,5.165317059,202.183151245,skyfield_find_events
SGL-000092,SGL,os04,gs01,observation,ground,992,1008,2025-01-01T08:15:39.534742Z,2025-01-01T08:23:56.717924Z,497.183182001,16,1556.669189453,1230.750000000,2039.975097656,60.000000000,0959490dcfeedeafc8e9e01f868552fc1a757f1f2924fe4d8aaab468b9881130,30.606946945,21.908748627,127.631843567,10.918024063,skyfield_find_events
SGL-000093,SGL,os04,gs01,observation,ground,1188,1204,2025-01-01T09:53:36.214273Z,2025-01-01T10:01:31.700851Z,475.486577988,16,1662.533447266,1363.337402344,2166.227294922,60.000000000,0959490dcfeedeafc8e9e01f868552fc1a757f1f2924fe4d8aaab468b9881130,26.018764496,19.169528961,210.917510986,321.354187012,skyfield_find_events
SGL-000094,SGL,os04,gs01,observation,ground,2627,2646,2025-01-01T21:53:13.438295Z,2025-01-01T22:02:51.322065Z,577.883770227,19,1305.179321289,717.941955566,2083.080322266,60.000000000,0959490dcfeedeafc8e9e01f868552fc1a757f1f2924fe4d8aaab468b9881130,85.780960083,36.909667969,13.758023262,192.611312866,skyfield_find_events
SGL-000095,SGL,os04,gs01,observation,ground,2829,2833,2025-01-01T23:34:06.482953Z,2025-01-01T23:36:05.600794Z,119.117841005,4,2165.310546875,2151.778808594,2184.714843750,60.000000000,0959490dcfeedeafc8e9e01f868552fc1a757f1f2924fe4d8aaab468b9881130,10.571799278,10.379712105,307.037902832,288.719238281,skyfield_find_events
SGL-000096,SGL,os04,gs02,observation,ground,989,1002,2025-01-01T08:14:26.302309Z,2025-01-01T08:20:48.457509Z,382.155200005,13,1852.953369141,1676.023925781,2141.363769531,60.000000000,0959490dcfeedeafc8e9e01f868552fc1a757f1f2924fe4d8aaab468b9881130,18.161083221,14.976167679,110.846916199,29.202550888,skyfield_find_events
SGL-000097,SGL,os04,gs02,observation,ground,1182,1199,2025-01-01T09:50:48.399331Z,2025-01-01T09:59:24.693453Z,516.294121981,17,1514.157714844,1135.323486328,2083.562744141,60.000000000,0959490dcfeedeafc8e9e01f868552fc1a757f1f2924fe4d8aaab468b9881130,34.322189331,23.233385086,197.367019653,324.759368896,skyfield_find_events
SGL-000098,SGL,os04,gs02,observation,ground,2632,2651,2025-01-01T21:55:42.701014Z,2025-01-01T22:05:19.447192Z,576.746177912,19,1305.593261719,717.273132324,2074.719726562,60.000000000,0959490dcfeedeafc8e9e01f868552fc1a757f1f2924fe4d8aaab468b9881130,85.334091187,36.791534424,10.898379326,195.150878906,skyfield_find_events
SGL-000099,SGL,os04,gs03,observation,ground,52,70,2025-01-01T00:25:39.347529Z,2025-01-01T00:34:44.637711Z,545.290182114,18,1442.265747070,985.202270508,2092.428466797,60.000000000,0959490dcfeedeafc8e9e01f868552fc1a757f1f2924fe4d8aaab468b9881130,43.666309357,26.984842300,359.260864258,219.822143555,skyfield_find_events
SGL-000100,SGL,os04,gs03,observation,ground,1193,1209,2025-01-01T09:56:03.376581Z,2025-01-01T10:04:04.079305Z,480.702723980,16,1628.219238281,1312.047973633,2156.393554688,60.000000000,0959490dcfeedeafc8e9e01f868552fc1a757f1f2924fe4d8aaab468b9881130,27.754638672,20.120128632,120.668624878,9.103633881,skyfield_find_events
SGL-000101,SGL,os04,gs03,observation,ground,1387,1405,2025-01-01T11:33:26.072068Z,2025-01-01T11:42:03.006862Z,516.934793949,18,1562.180297852,1154.880126953,2160.183349609,60.000000000,0959490dcfeedeafc8e9e01f868552fc1a757f1f2924fe4d8aaab468b9881130,33.628562927,22.277578354,198.626617432,328.316009521,skyfield_find_events
SGL-000102,SGL,os04,gs03,observation,ground,2823,2842,2025-01-01T23:31:17.065606Z,2025-01-01T23:40:43.236061Z,566.170454979,19,1385.100097656,846.652954102,2109.962402344,60.000000000,0959490dcfeedeafc8e9e01f868552fc1a757f1f2924fe4d8aaab468b9881130,55.759346008,30.457721710,22.366697311,178.331329346,skyfield_find_events
SGL-000103,SGL,os04,gs04,observation,ground,61,74,2025-01-01T00:30:23.084634Z,2025-01-01T00:36:40.904914Z,377.820279837,13,1885.582885742,1712.667724609,2152.296386719,60.000000000,0959490dcfeedeafc8e9e01f868552fc1a757f1f2924fe4d8aaab468b9881130,17.732633591,14.677593231,331.342651367,251.136581421,skyfield_find_events
SGL-000104,SGL,os04,gs04,observation,ground,1186,1200,2025-01-01T09:52:48.266595Z,2025-01-01T09:59:37.192118Z,408.925523043,14,1793.680297852,1582.183471680,2126.756835938,60.000000000,0959490dcfeedeafc8e9e01f868552fc1a757f1f2924fe4d8aaab468b9881130,20.034465790,16.000843048,114.606521606,24.316087723,skyfield_find_events
SGL-000105,SGL,os04,gs04,observation,ground,1380,1396,2025-01-01T11:29:38.013598Z,2025-01-01T11:37:52.672754Z,494.659156084,16,1562.004028320,1244.733276367,2031.467895508,60.000000000,0959490dcfeedeafc8e9e01f868552fc1a757f1f2924fe4d8aaab468b9881130,29.632194519,21.394319534,203.613449097,320.834503174,skyfield_find_events
SGL-000106,SGL,os04,gs04,observation,ground,2830,2849,2025-01-01T23:34:50.779232Z,2025-01-01T23:44:21.791665Z,571.012433052,19,1324.946166992,747.637145996,2120.689697266,60.000000000,0959490dcfeedeafc8e9e01f868552fc1a757f1f2924fe4d8aaab468b9881130,71.116561890,34.428985596,6.965598583,200.911987305,skyfield_find_events
SGL-000107,SGL,os05,gs01,observation,ground,988,1004,2025-01-01T08:13:33.760530Z,2025-01-01T08:21:43.613757Z,489.853226900,16,1588.368408203,1266.119628906,2099.198242188,60.000000000,0959490dcfeedeafc8e9e01f868552fc1a757f1f2924fe4d8aaab468b9881130,29.287302017,21.078487396,125.013786316,10.626007080,skyfield_find_events
SGL-000108,SGL,os05,gs01,observation,ground,1183,1199,2025-01-01T09:51:20.533818Z,2025-01-01T09:59:24.925277Z,484.391458988,16,1626.533447266,1322.935913086,2103.974365234,60.000000000,0959490dcfeedeafc8e9e01f868552fc1a757f1f2924fe4d8aaab468b9881130,27.300849915,20.003793716,206.999389648,319.825958252,skyfield_find_events
SGL-000109,SGL,os05,gs01,observation,ground,2623,2642,2025-01-01T21:51:03.163605Z,2025-01-01T22:00:40.820701Z,577.657095909,19,1308.282226562,724.059448242,2111.722656250,60.000000000,0959490dcfeedeafc8e9e01f868552fc1a757f1f2924fe4d8aaab468b9881130,81.026031494,36.456119537,14.936662674,190.990081787,skyfield_find_events
SGL-000110,SGL,os05,gs01,observation,ground,2824,2829,2025-01-01T23:31:34.403070Z,2025-01-01T23:34:20.771509Z,166.368438959,5,2132.412597656,2110.916015625,2156.516845703,60.000000000,0959490dcfeedeafc8e9e01f868552fc1a757f1f2924fe4d8aaab468b9881130,11.153756142,10.845488548,311.189514160,286.400451660,skyfield_find_events
SGL-000111,SGL,os05,gs02,observation,ground,985,998,2025-01-01T08:12:25.389467Z,2025-01-01T08:18:31.155256Z,365.765789032,13,1895.199707031,1722.430664062,2164.279052734,60.000000000,0959490dcfeedeafc8e9e01f868552fc1a757f1f2924fe4d8aaab468b9881130,17.230995178,14.236114502,108.176208496,28.360961914,skyfield_find_events
SGL-000112,SGL,os05,gs02,observation,ground,1178,1195,2025-01-01T09:48:34.225446Z,2025-01-01T09:57:17.465095Z,523.239649057,17,1481.726806641,1093.019409180,2063.890869141,60.000000000,0959490dcfeedeafc8e9e01f868552fc1a757f1f2924fe4d8aaab468b9881130,36.341312408,24.264743805,196.741287231,327.016906738,skyfield_find_events
SGL-000113,SGL,os05,gs02,observation,ground,2628,2647,2025-01-01T21:53:32.429261Z,2025-01-01T22:03:09.415992Z,576.986731052,19,1304.924926758,717.722961426,2119.815185547,60.000000000,0959490dcfeedeafc8e9e01f868552fc1a757f1f2924fe4d8aaab468b9881130,84.791458130,36.937530518,12.200921059,193.328170776,skyfield_find_events
SGL-000114,SGL,os05,gs03,observation,ground,47,66,2025-01-01T00:23:27.554399Z,2025-01-01T00:32:36.927521Z,549.373121977,19,1462.434204102,951.759033203,2177.800292969,60.000000000,0959490dcfeedeafc8e9e01f868552fc1a757f1f2924fe4d8aaab468b9881130,46.049758911,26.906703949,1.360792398,217.636657715,skyfield_find_events
SGL-000115,SGL,os05,gs03,observation,ground,1188,1204,2025-01-01T09:53:57.846664Z,2025-01-01T10:01:50.928870Z,473.082206011,16,1656.701538086,1348.978149414,2148.922363281,60.000000000,0959490dcfeedeafc8e9e01f868552fc1a757f1f2924fe4d8aaab468b9881130,26.577835083,19.411729813,121.807228088,12.129881859,skyfield_find_events
SGL-000116,SGL,os05,gs03,observation,ground,1383,1400,2025-01-01T11:31:12.018399Z,2025-01-01T11:39:54.786757Z,522.768357992,17,1497.430175781,1115.379882812,2048.381103516,60.000000000,0959490dcfeedeafc8e9e01f868552fc1a757f1f2924fe4d8aaab468b9881130,35.446125031,23.873615265,198.170867920,327.259277344,skyfield_find_events
SGL-000117,SGL,os05,gs03,observation,ground,2819,2838,2025-01-01T23:29:07.817504Z,2025-01-01T23:38:31.105818Z,563.288314104,19,1402.822509766,874.665710449,2176.293212891,60.000000000,0959490dcfeedeafc8e9e01f868552fc1a757f1f2924fe4d8aaab468b9881130,52.726837158,29.543331146,23.868120193,177.282775879,skyfield_find_events
SGL-000118,SGL,os05,gs04,observation,ground,57,70,2025-01-01T00:28:05.956832Z,2025-01-01T00:34:39.780244Z,393.823412180,13,1843.101074219,1666.010009766,2134.304687500,60.000000000,0959490dcfeedeafc8e9e01f868552fc1a757f1f2924fe4d8aaab468b9881130,18.691635132,15.439647675,330.521820068,248.449645996,skyfield_find_events
SGL-000119,SGL,os05,gs04,observation,ground,1182,1195,2025-01-01T09:50:46.281097Z,2025-01-01T09:57:20.792818Z,394.511721134,13,1808.884033203,1627.155151367,2087.283447266,60.000000000,0959490dcfeedeafc8e9e01f868552fc1a757f1f2924fe4d8aaab468b9881130,19.043195724,15.645829201,111.863273621,28.241403580,skyfield_find_events
SGL-000120,SGL,os05,gs04,observation,ground,1375,1392,2025-01-01T11:27:23.017428Z,2025-01-01T11:35:46.223510Z,503.206082106,17,1561.282592773,1195.676879883,2104.768798828,60.000000000,0959490dcfeedeafc8e9e01f868552fc1a757f1f2924fe4d8aaab468b9881130,31.513893127,21.682645798,199.816040039,323.209381104,skyfield_find_events
SGL-000121,SGL,os05,gs04,observation,ground,2826,2845,2025-01-01T23:32:39.803640Z,2025-01-01T23:42:12.486915Z,572.683275223,19,1315.241943359,731.864929199,2092.160156250,60.000000000,0959490dcfeedeafc8e9e01f868552fc1a757f1f2924fe4d8aaab468b9881130,75.686073303,35.293792725,8.045034409,198.878509521,skyfield_find_events
